{
  "pair": "A3 vs R1_s5 (proposed) marginal estimator",
  "seed": 7777,
  "n_mc": 80,
  "penalty_TErr": 10.0,
  "penalty_IAE": 20.0,
  "bootstrap_B": 10000,
  "rows": [
    {
      "K": 5,
      "delta_TErr": 0.7662720255204476,
      "ci_TErr_95": [
        -0.07809619083825962,
        1.6306669566585335
      ],
      "delta_IAE": 0.8515276359296987,
      "ci_IAE_95": [
        -0.2273305516858947,
        1.9958697065234516
      ]
    },
    {
      "K": 10,
      "delta_TErr": 0.7638936846167781,
      "ci_TErr_95": [
        -0.11107031262974487,
        1.751846438039356
      ],
      "delta_IAE": 0.9864795397100388,
      "ci_IAE_95": [
        -0.23577854411552085,
        2.2887906767315847
      ]
    },
    {
      "K": 20,
      "delta_TErr": 0.38513469537720085,
      "ci_TErr_95": [
        0.01211350369710999,
        0.8820370014540094
      ],
      "delta_IAE": 0.6346762565900861,
      "ci_IAE_95": [
        0.1181099324524767,
        1.3119833906370324
      ]
    }
  ]
}