{
  "meta": {
    "experiment": "casadi_latency_distribution",
    "task": "narrow",
    "seed": 7777,
    "n_mc": 40,
    "n_steps": 150,
    "mass": 1.5,
    "drag": 0.1,
    "deadline_ms": 20.0
  },
  "by_method": {
    "CasADi_H10": {
      "n_trials": 40,
      "n_steps_per_trial": 150,
      "n_total_steps": 6000,
      "success_count": 1,
      "TErr_mean": 0.7116374425590039,
      "lat_mean_ms": 3.2011984204679416,
      "lat_median_ms": 2.663144492544234,
      "lat_p95_ms": 5.728443479165435,
      "lat_p99_ms": 6.889475684147332,
      "lat_max_ms": 19.957771990448236,
      "lat_std_ms": 1.2650957733258186,
      "n_over_10ms": 5,
      "n_over_15ms": 2,
      "n_over_20ms": 0,
      "pct_over_10ms": 0.08333333333333333,
      "pct_over_15ms": 0.03333333333333333,
      "pct_over_20ms": 0.0,
      "hist_0_5": 5305,
      "hist_5_10": 690,
      "hist_10_15": 3,
      "hist_15_20": 2,
      "hist_20_30": 0,
      "hist_30_50": 0,
      "hist_50_plus": 0
    },
    "CasADi_H20": {
      "n_trials": 40,
      "n_steps_per_trial": 150,
      "n_total_steps": 6000,
      "success_count": 40,
      "TErr_mean": 0.0024144002905813976,
      "lat_mean_ms": 5.1637912227306515,
      "lat_median_ms": 3.740817483048886,
      "lat_p95_ms": 10.169306537136437,
      "lat_p99_ms": 11.912786088651057,
      "lat_max_ms": 35.01751396106556,
      "lat_std_ms": 2.748530844690292,
      "n_over_10ms": 355,
      "n_over_15ms": 12,
      "n_over_20ms": 7,
      "pct_over_10ms": 5.916666666666667,
      "pct_over_15ms": 0.2,
      "pct_over_20ms": 0.11666666666666667,
      "hist_0_5": 3943,
      "hist_5_10": 1702,
      "hist_10_15": 343,
      "hist_15_20": 5,
      "hist_20_30": 6,
      "hist_30_50": 1,
      "hist_50_plus": 0
    },
    "R1_s5_K10": {
      "n_trials": 40,
      "n_steps_per_trial": 150,
      "n_total_steps": 6000,
      "success_count": 40,
      "TErr_mean": 0.10793171245604753,
      "lat_mean_ms": 10.72360157839527,
      "lat_median_ms": 10.666943504475057,
      "lat_p95_ms": 14.208499650703743,
      "lat_p99_ms": 16.246109053026903,
      "lat_max_ms": 32.35103201586753,
      "lat_std_ms": 2.1335981399878325,
      "n_over_10ms": 3732,
      "n_over_15ms": 155,
      "n_over_20ms": 10,
      "pct_over_10ms": 62.2,
      "pct_over_15ms": 2.5833333333333335,
      "pct_over_20ms": 0.16666666666666666,
      "hist_0_5": 0,
      "hist_5_10": 2268,
      "hist_10_15": 3577,
      "hist_15_20": 145,
      "hist_20_30": 9,
      "hist_30_50": 1,
      "hist_50_plus": 0
    },
    "PD_K10": {
      "n_trials": 40,
      "n_steps_per_trial": 150,
      "n_total_steps": 6000,
      "success_count": 29,
      "TErr_mean": 0.31385239358060063,
      "lat_mean_ms": 19.606158592224045,
      "lat_median_ms": 17.27777300402522,
      "lat_p95_ms": 34.687129530357204,
      "lat_p99_ms": 54.250525074312485,
      "lat_max_ms": 152.71411300636828,
      "lat_std_ms": 8.38002228036423,
      "n_over_10ms": 5998,
      "n_over_15ms": 4339,
      "n_over_20ms": 1896,
      "pct_over_10ms": 99.96666666666667,
      "pct_over_15ms": 72.31666666666666,
      "pct_over_20ms": 31.6,
      "hist_0_5": 0,
      "hist_5_10": 2,
      "hist_10_15": 1659,
      "hist_15_20": 2443,
      "hist_20_30": 1425,
      "hist_30_50": 393,
      "hist_50_plus": 78
    }
  }
}