{
  "meta": {
    "experiment": "cbf_fallback_analysis",
    "seed": 7777,
    "n_mc": 40,
    "n_steps": 150,
    "K": 10,
    "mass": 1.5,
    "drag": 0.1,
    "rng_isolation": "per_method_per_trial"
  },
  "by_method": {
    "PD_K10": {
      "n": 40,
      "success_count": 28,
      "success_rate": 0.7,
      "TErr_mean": 0.46163135273382067,
      "TErr_median": 0.12014400213956833,
      "IAE_mean": 8.436983091706875,
      "cbf_active_rate_mean": 0.3725,
      "cbf_active_rate_std": 0.13726849197426513,
      "cbf_fallback_rate_mean": 0.16516666666666668,
      "cbf_fallback_rate_std": 0.05814708361846992,
      "cbf_active_steps_mean": 55.875,
      "cbf_fallback_steps_mean": 24.775,
      "max_fallback_streak_mean": 7.425,
      "max_fallback_streak_max": 13,
      "min_obstacle_dist_mean": 0.14709372818469996
    },
    "R0_pd_s5_K10": {
      "n": 40,
      "success_count": 40,
      "success_rate": 1.0,
      "TErr_mean": 0.0634772558696568,
      "TErr_median": 0.055179288610816,
      "IAE_mean": 5.941807290751721,
      "cbf_active_rate_mean": 0.14833333333333334,
      "cbf_active_rate_std": 0.04986091767217197,
      "cbf_fallback_rate_mean": 0.06033333333333333,
      "cbf_fallback_rate_std": 0.02280107209955025,
      "cbf_active_steps_mean": 22.25,
      "cbf_fallback_steps_mean": 9.05,
      "max_fallback_streak_mean": 4.0,
      "max_fallback_streak_max": 10,
      "min_obstacle_dist_mean": 0.15822753161191935
    },
    "R1_s5_K10": {
      "n": 40,
      "success_count": 40,
      "success_rate": 1.0,
      "TErr_mean": 0.10793171245604753,
      "TErr_median": 0.11121335625648499,
      "IAE_mean": 5.8693834849847475,
      "cbf_active_rate_mean": 0.1405,
      "cbf_active_rate_std": 0.04679476466443655,
      "cbf_fallback_rate_mean": 0.06033333333333333,
      "cbf_fallback_rate_std": 0.024583192089989724,
      "cbf_active_steps_mean": 21.075,
      "cbf_fallback_steps_mean": 9.05,
      "max_fallback_streak_mean": 4.225,
      "max_fallback_streak_max": 10,
      "min_obstacle_dist_mean": 0.15936256200075144
    }
  }
}