{
  "n_samples": 2000,
  "n_steps": 500,
  "success_count": 1956,
  "collision_count": 44,
  "timeout_count": 0,
  "success_rate": 97.8,
  "collision_rate": 2.1999999999999997,
  "mcis_position_range": {
    "px": {
      "min": -0.9960924386978149,
      "max": 3.4974403381347656
    },
    "py": {
      "min": -0.994070827960968,
      "max": 3.4975485801696777
    },
    "pz": {
      "min": -0.9972090125083923,
      "max": 3.4953079223632812
    }
  },
  "mcis_velocity_range": {
    "vx": {
      "min": -1.9989656209945679,
      "max": 1.999326467514038
    },
    "vy": {
      "min": -1.9994202852249146,
      "max": 1.9977892637252808
    },
    "vz": {
      "min": -1.9992955923080444,
      "max": 1.999403953552246
    }
  }
}