{
  "exp1_performance_comparison": {
    "TRM-v2 (K=50)": {
      "success_rate": 0.0,
      "collision_rate": 5.0,
      "terminal_error_mean": 180.99541931152345,
      "terminal_error_std": 9.551284217170613,
      "iae_mean": 18135.063546279074,
      "iae_std": 1398.541481100208,
      "min_distance_mean": 0.2803554058965273
    },
    "TRM-v2 (K=10)": {
      "success_rate": 0.0,
      "collision_rate": 5.0,
      "terminal_error_mean": 183.97963256835936,
      "terminal_error_std": 9.871606853396775,
      "iae_mean": 18467.36578193307,
      "iae_std": 1469.5406440873471,
      "min_distance_mean": 0.2930299002327234
    },
    "TRM-v2 (K=1)": {
      "success_rate": 0.0,
      "collision_rate": 5.0,
      "terminal_error_mean": 209.11363983154297,
      "terminal_error_std": 13.971603983438072,
      "iae_mean": 20717.796949201824,
      "iae_std": 2047.2559278477656,
      "min_distance_mean": 0.3031614585453043
    },
    "PTRM-v1 (K=50)": {
      "success_rate": 100.0,
      "collision_rate": 0.0,
      "terminal_error_mean": 0.00600555210839957,
      "terminal_error_std": 0.0022243553485312793,
      "iae_mean": 194.96355823564082,
      "iae_std": 37.27234712825375,
      "min_distance_mean": 0.18838775334704558
    },
    "Q-head\u6392\u5e8f(v2)": {
      "success_rate": 0.0,
      "collision_rate": 5.0,
      "terminal_error_mean": 180.99541931152345,
      "terminal_error_std": 9.551284217170613,
      "iae_mean": 18135.063546279074,
      "iae_std": 1398.541481100208,
      "min_distance_mean": 0.2803554058965273
    },
    "\u968f\u673a\u6392\u5e8f": {
      "success_rate": 0.0,
      "collision_rate": 5.0,
      "terminal_error_mean": 180.62359008789062,
      "terminal_error_std": 9.483984947184933,
      "iae_mean": 18067.67678103745,
      "iae_std": 1396.1176665742396,
      "min_distance_mean": 0.2724038458465704
    },
    "\u5168\u91cfRollout\u6392\u5e8f": {
      "success_rate": 0.0,
      "collision_rate": 0.0,
      "terminal_error_mean": 173.67508926391602,
      "terminal_error_std": 6.783776699464125,
      "iae_mean": 17575.84580501616,
      "iae_std": 1015.5144418574976,
      "min_distance_mean": 0.30020317875624786
    }
  },
  "exp2_qhead_ranking": {
    "trm_v2_within_sample_rho": {
      "mean": -0.004180728215991563,
      "std": 0.20105736793822973,
      "min": -0.328194786126991,
      "max": 0.4609806485269223
    },
    "v1_within_sample_rho": {
      "mean": 0.02640090543390483,
      "std": 0.14947823672906793
    },
    "simple_encoder_within_sample_rho": {
      "mean": 0.013115006002400955,
      "std": 0.14609191568539873
    }
  },
  "exp3_ranking_comparison": {
    "Q-head\u6392\u5e8f(v2)": {
      "success_rate": 0.0,
      "collision_rate": 5.0,
      "terminal_error_mean": 180.99541931152345,
      "terminal_error_std": 9.551284217170613,
      "iae_mean": 18135.063546279074,
      "iae_std": 1398.541481100208,
      "min_distance_mean": 0.2803554058965273
    },
    "\u968f\u673a\u6392\u5e8f": {
      "success_rate": 0.0,
      "collision_rate": 5.0,
      "terminal_error_mean": 180.62359008789062,
      "terminal_error_std": 9.483984947184933,
      "iae_mean": 18067.67678103745,
      "iae_std": 1396.1176665742396,
      "min_distance_mean": 0.2724038458465704
    },
    "\u5168\u91cfRollout\u6392\u5e8f": {
      "success_rate": 0.0,
      "collision_rate": 0.0,
      "terminal_error_mean": 173.67508926391602,
      "terminal_error_std": 6.783776699464125,
      "iae_mean": 17575.84580501616,
      "iae_std": 1015.5144418574976,
      "min_distance_mean": 0.30020317875624786
    }
  },
  "exp4_encoder_ablation": {
    "trm_v2": {
      "success_rate": 0.0,
      "collision_rate": 5.0,
      "terminal_error_mean": 180.99541931152345,
      "terminal_error_std": 9.551284217170613,
      "iae_mean": 18135.063546279074,
      "iae_std": 1398.541481100208,
      "min_distance_mean": 0.2803554058965273
    },
    "simple_encoder": {
      "success_rate": 100.0,
      "collision_rate": 0.0,
      "terminal_error_mean": 0.005181617778725922,
      "terminal_error_std": 0.0015545640905540634,
      "iae_mean": 194.41450917651963,
      "iae_std": 35.90236615107227,
      "min_distance_mean": 0.18499522687576156
    }
  },
  "training_history": {
    "q_rank_correlation": [
      -0.19539135704204477,
      -0.2993939393939394,
      -0.2560636319781709,
      0.03579650309449382,
      -0.21198035268538917,
      -0.02668149397570067,
      -0.2159863480223886,
      0.0012121212121212089,
      -0.08745722103467313,
      -0.0641723166128848,
      0.1951515151515151,
      0.10942668773765055,
      0.157690143708164,
      0.1354236181024243,
      0.3506959539924311,
      0.2921212121212121
    ]
  }
}