{
  "table2": {
    "PTRM_K50": {
      "success_rate": 100.0,
      "collision_rate": 0.0,
      "terminal_error_mean": 0.005992749088909477,
      "terminal_error_std": 0.0021021985199161175,
      "iae_mean": 0.6601702498445181,
      "iae_std": 0.14467389956079432
    },
    "MPPI_K50": {
      "success_rate": 100.0,
      "collision_rate": 0.0,
      "terminal_error_mean": 0.015992033458314837,
      "terminal_error_std": 0.006311523075838328,
      "iae_mean": 0.6794680298242407,
      "iae_std": 0.09880982701239488
    },
    "CEM_K50": {
      "success_rate": 100.0,
      "collision_rate": 0.0,
      "terminal_error_mean": 0.003118561569135636,
      "terminal_error_std": 0.0010607516800598775,
      "iae_mean": 0.6586229055972653,
      "iae_std": 0.07185000847770026
    },
    "MLP_CBF": {
      "success_rate": 0.0,
      "collision_rate": 0.0,
      "terminal_error_mean": 12.36298975944519,
      "terminal_error_std": 0.11488647369022398,
      "iae_mean": 8.327161802877983,
      "iae_std": 0.3562862729442433
    },
    "PD_CBF_K1": {
      "success_rate": 100.0,
      "collision_rate": 0.0,
      "terminal_error_mean": 0.0007335963862715289,
      "terminal_error_std": 0.00013515662816540822,
      "iae_mean": 0.7288768131551042,
      "iae_std": 0.1443904904291385
    }
  },
  "table3": {
    "PTRM": {
      "1": {
        "success_rate": 100.0,
        "collision_rate": 0.0,
        "terminal_error_mean": 0.0007335963862715289,
        "terminal_error_std": 0.00013515662816540822,
        "iae_mean": 0.7288768131551042,
        "iae_std": 0.1443904904291385
      },
      "10": {
        "success_rate": 100.0,
        "collision_rate": 0.0,
        "terminal_error_mean": 0.010365511756390333,
        "terminal_error_std": 0.002671675761803096,
        "iae_mean": 0.6399747100434614,
        "iae_std": 0.1376032003764989
      },
      "50": {
        "success_rate": 100.0,
        "collision_rate": 0.0,
        "terminal_error_mean": 0.005992749088909477,
        "terminal_error_std": 0.0021021985199161175,
        "iae_mean": 0.6601702498445181,
        "iae_std": 0.14467389956079432
      }
    },
    "MPPI": {
      "1": {
        "success_rate": 100.0,
        "collision_rate": 0.0,
        "terminal_error_mean": 0.0007335963862715289,
        "terminal_error_std": 0.00013515662816540822,
        "iae_mean": 0.7288768131551042,
        "iae_std": 0.1443904904291385
      },
      "10": {
        "success_rate": 100.0,
        "collision_rate": 0.0,
        "terminal_error_mean": 0.026135340868495404,
        "terminal_error_std": 0.011399297602568494,
        "iae_mean": 0.7059677995501553,
        "iae_std": 0.13153167707336738
      },
      "50": {
        "success_rate": 100.0,
        "collision_rate": 0.0,
        "terminal_error_mean": 0.015992033458314837,
        "terminal_error_std": 0.006311523075838328,
        "iae_mean": 0.6794680298242407,
        "iae_std": 0.09880982701239488
      }
    }
  },
  "table4": {
    "nominal": {
      "success_rate": 100.0,
      "collision_rate": 0.0,
      "terminal_error_mean": 0.005992749088909477,
      "terminal_error_std": 0.0021021985199161175,
      "iae_mean": 0.6601702498445181,
      "iae_std": 0.14467389956079432
    },
    "mismatch": {
      "success_rate": 100.0,
      "collision_rate": 0.0,
      "terminal_error_mean": 0.006051007518544793,
      "terminal_error_std": 0.0023307094466607074,
      "iae_mean": 0.7639337858668636,
      "iae_std": 0.15103800360346686
    },
    "noise_0.005": {
      "success_rate": 100.0,
      "collision_rate": 0.0,
      "terminal_error_mean": 0.03492404795251787,
      "terminal_error_std": 0.014697577635441852,
      "iae_mean": 0.66307342876102,
      "iae_std": 0.10792487507676456
    },
    "noise_0.01": {
      "success_rate": 100.0,
      "collision_rate": 0.0,
      "terminal_error_mean": 0.06812658449634909,
      "terminal_error_std": 0.026094072415594624,
      "iae_mean": 0.6713291830941258,
      "iae_std": 0.10031450746514603
    },
    "noise_0.02": {
      "success_rate": 100.0,
      "collision_rate": 0.0,
      "terminal_error_mean": 0.13971890080720187,
      "terminal_error_std": 0.05253022536372899,
      "iae_mean": 0.7230813828893006,
      "iae_std": 0.09132370581977799
    },
    "noise_0.05": {
      "success_rate": 70.0,
      "collision_rate": 15.0,
      "terminal_error_mean": 0.3798134449869394,
      "terminal_error_std": 0.14880928277990324,
      "iae_mean": 0.8959708289483874,
      "iae_std": 0.09980222411864001
    }
  },
  "table6": {
    "Corridor": {
      "PTRM": {
        "success_rate": 100.0,
        "collision_rate": 0.0,
        "terminal_error_mean": 0.005992749088909477,
        "terminal_error_std": 0.0021021985199161175,
        "iae_mean": 0.6601702498445181,
        "iae_std": 0.14467389956079432
      },
      "MPPI": {
        "success_rate": 100.0,
        "collision_rate": 0.0,
        "terminal_error_mean": 0.015992033458314837,
        "terminal_error_std": 0.006311523075838328,
        "iae_mean": 0.6794680298242407,
        "iae_std": 0.09880982701239488
      },
      "CEM": {
        "success_rate": 100.0,
        "collision_rate": 0.0,
        "terminal_error_mean": 0.003118561569135636,
        "terminal_error_std": 0.0010607516800598775,
        "iae_mean": 0.6586229055972653,
        "iae_std": 0.07185000847770026
      }
    },
    "Dense-5": {
      "PTRM": {
        "success_rate": 100.0,
        "collision_rate": 0.0,
        "terminal_error_mean": 0.006451014650519937,
        "terminal_error_std": 0.0025418516651169367,
        "iae_mean": 0.7984475118281164,
        "iae_std": 0.3141546611610673
      },
      "MPPI": {
        "success_rate": 100.0,
        "collision_rate": 0.0,
        "terminal_error_mean": 0.015995607408694924,
        "terminal_error_std": 0.006190020732730696,
        "iae_mean": 0.7823165113801951,
        "iae_std": 0.1775337552733421
      },
      "CEM": {
        "success_rate": 100.0,
        "collision_rate": 0.0,
        "terminal_error_mean": 0.003343818587018177,
        "terminal_error_std": 0.0013172338144322824,
        "iae_mean": 0.7720420878028429,
        "iae_std": 0.16555572787573825
      }
    }
  }
}