{
  "task": "narrow",
  "n_trials": 10,
  "n_closed_steps": 150,
  "model_path": "/mnt/c/Users/vicks/MyWork/PTRM-NMPC/experiments/results_v6/cl_trm_model.pt",
  "records": [
    {
      "trial": 0,
      "x0": [
        -0.12842607498168945,
        0.05596526712179184,
        -0.013092639856040478,
        0.09262513369321823,
        0.08872933685779572,
        0.19762955605983734
      ],
      "seq_trm_vs_expert": {
        "mag_ref_mean": 12.27049732208252,
        "mag_test_mean": 17.19729995727539,
        "mag_ratio_mean": 1.401516079902649,
        "cos_first_step": 0.9682449102401733,
        "cos_mean": 0.9149411082267761,
        "cos_min": 0.7973853349685669,
        "l2_step1": 8.49535083770752,
        "l2_full": 34.060279846191406
      },
      "seq_pd_vs_expert": {
        "mag_ref_mean": 12.27049732208252,
        "mag_test_mean": 20.335050582885742,
        "mag_ratio_mean": 1.6572312116622925,
        "cos_first_step": 0.9995437860488892,
        "cos_mean": 0.9696179091930389,
        "cos_min": 0.809834361076355,
        "l2_step1": 5.687991619110107,
        "l2_full": 40.59100341796875
      },
      "open_loop_collided_trm": false,
      "open_loop_collided_pd": false,
      "open_loop_collided_exp": false,
      "closed_loop_trm": {
        "terminal_error": 7.070271968841553,
        "collided": false,
        "success": false,
        "n_cbf_intervene": 0
      },
      "closed_loop_pd": {
        "terminal_error": 4.526329040527344,
        "collided": false,
        "success": false,
        "n_cbf_intervene": 0
      },
      "closed_loop_exp": {
        "terminal_error": 1.9247413873672485,
        "collided": false,
        "success": false,
        "n_cbf_intervene": 0
      },
      "trm_failure_mode": [
        "other"
      ]
    },
    {
      "trial": 1,
      "x0": [
        0.1620575338602066,
        -0.12905871868133545,
        0.06111392006278038,
        0.07457569241523743,
        0.24174055457115173,
        0.2299625426530838
      ],
      "seq_trm_vs_expert": {
        "mag_ref_mean": 11.75605583190918,
        "mag_test_mean": 17.197355270385742,
        "mag_ratio_mean": 1.46285080909729,
        "cos_first_step": 0.9682484269142151,
        "cos_mean": 0.8569202959537506,
        "cos_min": 0.43272167444229126,
        "l2_step1": 8.495309829711914,
        "l2_full": 34.31100845336914
      },
      "seq_pd_vs_expert": {
        "mag_ref_mean": 11.75605583190918,
        "mag_test_mean": 19.629316329956055,
        "mag_ratio_mean": 1.6697195768356323,
        "cos_first_step": 0.9995805025100708,
        "cos_mean": 0.933469009399414,
        "cos_min": 0.57480788230896,
        "l2_step1": 6.385037899017334,
        "l2_full": 40.01043701171875
      },
      "open_loop_collided_trm": false,
      "open_loop_collided_pd": false,
      "open_loop_collided_exp": false,
      "closed_loop_trm": {
        "terminal_error": 7.24479866027832,
        "collided": false,
        "success": false,
        "n_cbf_intervene": 0
      },
      "closed_loop_pd": {
        "terminal_error": 4.4909796714782715,
        "collided": false,
        "success": false,
        "n_cbf_intervene": 0
      },
      "closed_loop_exp": {
        "terminal_error": 2.4444055557250977,
        "collided": false,
        "success": false,
        "n_cbf_intervene": 0
      },
      "trm_failure_mode": [
        "other"
      ]
    },
    {
      "trial": 2,
      "x0": [
        0.05434832349419594,
        0.10109283775091171,
        0.006061478517949581,
        0.20647381246089935,
        0.11209513992071152,
        0.08470311015844345
      ],
      "seq_trm_vs_expert": {
        "mag_ref_mean": 11.745326042175293,
        "mag_test_mean": 17.197315216064453,
        "mag_ratio_mean": 1.4641836881637573,
        "cos_first_step": 0.9685190320014954,
        "cos_mean": 0.9096107840538025,
        "cos_min": 0.77840256690979,
        "l2_step1": 8.376317024230957,
        "l2_full": 34.0710334777832
      },
      "seq_pd_vs_expert": {
        "mag_ref_mean": 11.745326042175293,
        "mag_test_mean": 19.717668533325195,
        "mag_ratio_mean": 1.678767204284668,
        "cos_first_step": 0.9996599555015564,
        "cos_mean": 0.9722075998783112,
        "cos_min": 0.8343313932418823,
        "l2_step1": 6.165032863616943,
        "l2_full": 39.741493225097656
      },
      "open_loop_collided_trm": false,
      "open_loop_collided_pd": false,
      "open_loop_collided_exp": false,
      "closed_loop_trm": {
        "terminal_error": 8.138492584228516,
        "collided": false,
        "success": false,
        "n_cbf_intervene": 0
      },
      "closed_loop_pd": {
        "terminal_error": 4.523750305175781,
        "collided": false,
        "success": false,
        "n_cbf_intervene": 0
      },
      "closed_loop_exp": {
        "terminal_error": 2.5385308265686035,
        "collided": false,
        "success": false,
        "n_cbf_intervene": 0
      },
      "trm_failure_mode": [
        "other"
      ]
    },
    {
      "trial": 3,
      "x0": [
        -0.0888403132557869,
        -0.10946677625179291,
        0.01032673753798008,
        0.107728011906147,
        0.16579516232013702,
        0.003210120601579547
      ],
      "seq_trm_vs_expert": {
        "mag_ref_mean": 12.89543628692627,
        "mag_test_mean": 17.19727897644043,
        "mag_ratio_mean": 1.3335942029953003,
        "cos_first_step": 0.9683517217636108,
        "cos_mean": 0.8915484189987183,
        "cos_min": 0.7500958442687988,
        "l2_step1": 8.476943016052246,
        "l2_full": 33.49600601196289
      },
      "seq_pd_vs_expert": {
        "mag_ref_mean": 12.89543628692627,
        "mag_test_mean": 20.739538192749023,
        "mag_ratio_mean": 1.6082850694656372,
        "cos_first_step": 0.9999910593032837,
        "cos_mean": 0.9899857640266418,
        "cos_min": 0.9482531547546387,
        "l2_step1": 5.227200984954834,
        "l2_full": 39.73488998413086
      },
      "open_loop_collided_trm": false,
      "open_loop_collided_pd": false,
      "open_loop_collided_exp": false,
      "closed_loop_trm": {
        "terminal_error": 7.694986820220947,
        "collided": false,
        "success": false,
        "n_cbf_intervene": 0
      },
      "closed_loop_pd": {
        "terminal_error": 4.540037631988525,
        "collided": false,
        "success": false,
        "n_cbf_intervene": 0
      },
      "closed_loop_exp": {
        "terminal_error": 4.541176795959473,
        "collided": false,
        "success": false,
        "n_cbf_intervene": 0
      },
      "trm_failure_mode": [
        "other"
      ]
    },
    {
      "trial": 4,
      "x0": [
        -0.02091923914849758,
        -0.05392767861485481,
        -0.1218409612774849,
        0.14871646463871002,
        0.10882829129695892,
        0.07499787956476212
      ],
      "seq_trm_vs_expert": {
        "mag_ref_mean": 12.627348899841309,
        "mag_test_mean": 17.197290420532227,
        "mag_ratio_mean": 1.361908197402954,
        "cos_first_step": 0.9682484269142151,
        "cos_mean": 0.9179088771343231,
        "cos_min": 0.8423058390617371,
        "l2_step1": 8.495357513427734,
        "l2_full": 33.58272171020508
      },
      "seq_pd_vs_expert": {
        "mag_ref_mean": 12.627348899841309,
        "mag_test_mean": 20.667644500732422,
        "mag_ratio_mean": 1.6367366313934326,
        "cos_first_step": 0.9997685551643372,
        "cos_mean": 0.9914641678333282,
        "cos_min": 0.9513455033302307,
        "l2_step1": 5.336455345153809,
        "l2_full": 40.3733024597168
      },
      "open_loop_collided_trm": false,
      "open_loop_collided_pd": false,
      "open_loop_collided_exp": false,
      "closed_loop_trm": {
        "terminal_error": 7.515474796295166,
        "collided": false,
        "success": false,
        "n_cbf_intervene": 0
      },
      "closed_loop_pd": {
        "terminal_error": 4.5140862464904785,